BGS01-03,36227,Карагеоргиево,,2
BGS01-04,36381,Караново,,2
BGS01-06,46440,Малка поляна,,660
BGS01-07,49477,Мъглен,,2
BGS01-08,56321,Пещерско,,2
BGS01-09,56438,Пирне,,2
BGS01-10,57426,Поляново,,660
BGS01-13,72727,Тополица,,2
BGS01-14,80813,Черна могила,,660
BGS01-15,81102,Черноград,,2
BGS01-16,81640,Чукарка,,2
BGS04-04,07332,Българово,,2
BGS04-05,23090,Драганово,,2
BGS04-07,32425,Изворище,,2
BGS04-09,47202,Маринка,,2
BGS04-10,61145,Равнец,,2
BGS04-11,63183,Рудник,,2
BGS04-12,72151,Твърдица,,2
BGS04-13,81164,Черно море,,2
BGS04-15,32367,Извор,,1678
BGS06-05,20273,Дебелт,,2
BGS06-08,23604,Драчево,,2
BGS08-01,11096,Винарско,,2
BGS08-04,40381,Кръстина,,2
BGS08-08,63478,Русокастро,,2
BGS08-09,65783,Свобода,,2
BGS08-10,73211,Трояново,,2
BGS08-12,80916,Черни връх,,2
BGS09-09,23306,Драгово,,660
BGS09-10,27169,Екзарх Антимово,,2
BGS09-14,32809,Искра,,2
BGS09-15,37201,Кликач,,2
BGS09-16,40021,Крумово градище,,2
BGS09-19,51202,Невестино,,2
BGS09-23,67920,Соколово,,660
BGS09-26,77089,Хаджиите,,660
BGS12-07,30483,Звездец,,2
BGS13-01,00878,Ахтопол,,2
BGS13-08,44094,Лозенец,,2
BGS15-02,11538,Свети Влас,,2
BGS15-03,18469,Гюльовца,,2
BGS15-04,39164,Кошарица,,2
BGS15-05,53045,Обзор,,2
BGS15-06,53822,Оризаре,,2
BGS15-08,61056,Равда,,2
BGS15-09,73571,Тънково,,2
BGS17-02,00833,Ахелой,,2
BGS17-03,02810,Бата,,2
BGS17-04,14057,Габерово,,2
BGS17-05,16064,Горица,,2
BGS17-06,18229,Гълъбец,,2
BGS17-07,24253,Дъбник,,2
BGS17-08,27440,Белодол,,660
BGS17-09,35033,Каблешково,,2
BGS17-15,57790,Порой,,2
BGS17-16,69746,Страцин,,2
BGS18-01,04056,Билка,,2
BGS18-02,11363,Вишна,,660
BGS18-03,12303,Вресово,,2
BGS18-04,15967,Подгорец,,2
BGS18-05,21333,Добра поляна,,2
BGS18-06,21614,Добромир,,2
BGS18-07,23755,Дропла,,660
BGS18-08,24699,Дъскотна,,2
BGS18-09,30234,Заимчево,,2
BGS18-10,30243,Зайчар,,2
BGS18-12,36213,Каравельово,,2
BGS18-13,43880,Листец,,660
BGS18-14,44690,Люляково,,2
BGS18-15,46930,Припек,,2
BGS18-16,49254,Мрежичко,,2
BGS18-17,51055,Преображенци,,2
BGS18-18,56647,Планиница,,2
BGS18-19,58640,Просеник,,2
BGS18-20,61666,Разбойна,,2
BGS18-21,62548,Речица,,2
BGS18-22,62904,Рожден,,2
BGS18-24,63375,Рупча,,2
BGS18-25,63598,Ръжица,,2
BGS18-26,66706,Скалак,,2
BGS18-27,67725,Снежа,,660
BGS18-28,67767,Снягово,,2
BGS18-29,67876,Соколец,,2
BGS18-30,68401,Средна махала,,660
BGS18-31,69990,Струя,,2
BGS18-32,72864,Топчийско,,2
BGS18-33,73287,Трънак,,2
BGS18-34,80296,Сини рид,,660
BGS18-35,80563,Череша,,2
BGS18-36,83154,Шиварово,,660
BGS18-37,87093,Ябълчево,,2
BGS18-38,87638,Ясеново,,660
BGS21-05,30822,Зидарово,,2
BGS21-08,40124,Крушевец,,2
BGS21-11,61042,Равадиново,,2
BGS21-12,61114,Равна гора,,2
BGS21-13,63015,Атия,,2
BGS21-14,63029,Росен,,2
BGS21-15,81178,Черноморец,,2
BGS23-04,10327,Везенково,,660
BGS23-05,12591,Вълчин,,660
BGS23-06,17909,Грозден,,2
BGS23-10,37215,Климаш,,660
BGS23-11,38889,Костен,,660
BGS23-12,44029,Лозарево,,2
BGS23-13,47096,Манолич,,1847
BGS23-15,56959,Подвис,,2
BGS23-16,58325,Прилеп,,2
BGS23-19,67115,Славянци,,2
BGS23-20,70514,Съединение,,2
BGS23-23,81006,Черница,,2
BGS23-24,81582,Чубра,,2
BGS27-01,52129,Ново Паничарево,,2
BGS27-03,87655,Ясна поляна,,2
BGS27-04,37023,Китен,,49
BGS27-05,10731,Веселие,,41
BLG01-02,21498,Добринище,,2
BLG01-07,76090,Филипово,,2
BLG02-01,02107,Бабяк,,2
BLG02-04,20064,Дагоново,,2
BLG02-06,39270,Краище,,2
BLG02-11,77596,Горно Краище,,2
BLG03-01,00134,Изгрев,,2
BLG03-02,03664,Бело поле,,2
BLG03-17,55107,Падеш,,2
BLG03-18,57159,Покровник,,2
BLG03-19,62699,Рилци,,2
BLG03-21,68792,Логодаж,,2
BLG03-22,78464,Церово,,2
BLG11-01,02600,Баничан,,2
BLG11-02,05606,Борово,,2
BLG11-03,06306,Брезница,,2
BLG11-04,07003,Буково,,2
BLG11-05,17347,Господинци,,2
BLG11-07,38666,Корница,,2
BLG11-08,44416,Лъжница,,2
BLG11-09,49432,Мусомища,,2
BLG13-02,16763,Горно Дряново,,2
BLG13-03,20331,Дебрен,,2
BLG13-04,22616,Долно Дряново,,2
BLG13-05,24267,Дъбница,,2
BLG13-09,53326,Огняново,,2
BLG13-11,54184,Осиково,,2
BLG13-12,62640,Рибново,,2
BLG13-14,77222,Хвостяне,,2
BLG28-01,16136,Горна Брезница,,2
BLG28-02,22068,Долна Градешница,,2
BLG28-05,67369,Сливница,,2
BLG33-02,03294,Беласица,,2
BLG33-06,14091,Габрене,,2
BLG33-10,22246,Долна Рибница,,1301
BLG33-13,23563,Дрангово,,2
BLG33-16,35081,Кавракирово,,2
BLG33-19,37349,Ключ,,2
BLG33-20,37989,Коларово,,2
BLG33-23,40539,Кулата,,2
BLG33-24,40912,Кърналово,,2
BLG33-25,47189,Марикостиново,,2
BLG33-29,48578,Михнево,,2
BLG33-30,49312,Рупите,,2
BLG33-33,58390,Генерал Тодоров,,2
BLG33-34,59077,Първомай,,2
BLG33-37,65293,Самуилово,,2
BLG33-39,66901,Скрът,,2
BLG33-40,69119,Старчево,,2
BLG33-41,69941,Струмешница,,1301
BLG33-42,72744,Тополница,,2
BLG33-46,87134,Яворница,,2
BLG37-01,02693,Баня,,2
BLG37-02,02960,Бачево,,2
BLG37-03,15326,Годлево,,2
BLG37-04,16754,Горно Драглище,,2
BLG37-05,21748,Добърско,,2
BLG37-06,22602,Долно Драглище,,2
BLG37-07,27293,Елешница,,164
BLG40-04,12471,Вълково,,770
BLG40-08,20105,Дамяница,,2
BLG40-10,20780,Джигурово,,2
BLG40-14,36693,Катунци,,2
BLG40-20,43181,Лебница,,770
BLG40-21,43243,Левуново,,2
BLG40-23,43565,Лешница,,2
BLG40-29,52074,Ново Делчево,,2
BLG40-31,56174,Петрово,,2
BLG40-34,56839,Плоски,,2
BLG40-35,57176,Поленица,,2
BLG40-37,66785,Склаве,,2
BLG40-39,69938,Струма,,2
BLG42-01,04707,Боголин,,2
BLG42-02,10046,Ваклиново,,2
BLG42-03,12499,Вълкосел,,2
BLG42-04,15312,Годешево,,2
BLG42-05,21868,Долен,,2
BLG42-06,29372,Жижево,,2
BLG42-07,39089,Кочан,,2
BLG42-08,39726,Крибул,,2
BLG42-09,54225,Осина,,2
BLG42-10,56740,Плетена,,2
BLG42-11,67270,Слащен,,2
BLG42-12,73519,Туховища,,2
BLG42-13,76203,Фъргово,,2
BLG44-01,06238,Брежани,,2
BLG44-03,22753,Долно Осеново,,2
BLG44-06,40052,Крупник,,2
BLG44-07,57162,Полена,,2
BLG44-08,57203,Полето,,2
BLG44-11,81013,Черниче,,2
BLG49-07,32665,Илинденци,,2
BLG49-12,49686,Микрево,,2
BLG52-01,00014,Абланица,,1486
BLG52-02,03976,Беслен,,2
BLG52-03,04399,Блатска,,2
BLG52-06,38532,Копривлен,,2
BLG52-09,52101,Ново Лески,,2
BLG52-12,65108,Садово,,2
BLG52-13,72268,Теплен,,660
BLG53-01,00059,Аврамово,,2
BLG53-02,03561,Бел камен,,2
BLG53-03,07822,Бунцево,,2
BLG53-04,32603,Смолево,,2
BLG53-05,38220,Конарско,,2
BLG53-06,81850,Черна Места,,2
BLG53-07,86101,Юруково,,2
DOB03-03,18160,Гурково,,2
DOB03-07,39459,Кранево,,2
DOB03-09,44882,Ляхово,,2
DOB03-11,53120,Оброчище,,2
DOB03-14,66250,Сенокос,,2
DOB03-15,67951,Соколово,,2
DOB03-16,69643,Стражица,,2
DOB12-04,10183,Василево,,2
DOB12-13,34045,Йовково,,2
DOB12-15,36467,Кардам,,2
DOB12-19,40885,Къпиново,,2
DOB12-21,44714,Люляково,,2
DOB12-27,58414,Присад,,2
DOB12-28,58832,Пчеларово,,2
DOB12-32,63094,Росица,,2
DOB12-36,68196,Спасово,,2
DOB15-02,00429,Алцек,,660
DOB15-03,02871,Батово,,2
DOB15-05,03860,Бенковски,,2
DOB15-07,05061,Божурово,,2
DOB15-08,06104,Бранище,,660
DOB15-09,10307,Ведрина,,2
DOB15-11,11781,Воднянци,,660
DOB15-17,21083,Победа,,2
DOB15-20,22988,Дончево,,2
DOB15-23,27468,Енево,,2
DOB15-24,29489,Житница,,2
DOB15-27,36419,Карапелит,,2
DOB15-28,37808,Козлодуйци,,2
DOB15-31,43431,Лясково,,660
DOB15-32,43997,Ловчанци,,2
DOB15-33,44272,Ломница,,660
DOB15-38,53210,Овчарово,,2
DOB15-40,53450,Одърци,,2
DOB15-43,55511,Паскалево,,2
DOB15-44,56695,Плачидол,,2
DOB15-45,57087,Подслон,,660
DOB15-55,67622,Смолница,,2
DOB15-58,69242,Стефаново,,2
DOB15-59,69300,Стожер,,2
DOB15-62,76064,Фелдфебел Денково,,2
DOB15-64,78152,Царевец,,660
DOB15-65,80769,Черна,,2
DOB17-01,03318,Белгун,,2
DOB17-04,07257,Българево,,2
DOB17-15,66281,Септемврийци,,2
DOB20-03,04193,Бистрец,,660
DOB20-06,27656,Ефрейтор Бакалово,,660
DOB20-09,38618,Коритен,,660
DOB20-10,44104,Лозенец,,2
DOB20-11,57234,Полковник Дяково,,660
DOB20-14,65913,Северци,,660
DOB20-15,72196,Телериг,,2
DOB27-02,02405,Балик,,2
DOB27-03,03215,Безмер,,2
DOB27-04,04916,Божан,,2
DOB27-05,05342,Бонево,,2
DOB27-07,14982,Главанци,,2
DOB27-08,17590,Градница,,2
DOB27-09,18191,Гуслар,,2
DOB27-10,29035,Жегларци,,2
DOB27-11,31396,Зърнево,,2
DOB27-12,35050,Каблешково,,2
DOB27-14,38025,Коларци,,2
DOB27-17,51812,Нова Камена,,2
DOB27-19,53953,Орляк,,2
DOB27-20,57265,Полковник Савово,,2
DOB27-21,57563,Попгруево,,2
DOB27-23,81270,Честименско,,2
DOB29-06,24102,Дуранкулак,,2
GAB05-10,23159,Драгановци,,2
GAB05-23,57675,Поповци,,2
GAB05-28,87120,Яворец,,2
GAB12-02,12677,Царева ливада,,2
GAB29-01,00103,Агатово,,2
GAB29-02,02885,Батошево,,2
GAB29-05,04555,Богатово,,2
GAB29-07,16376,Горна Росица,,2
GAB29-09,17587,Градница,,2
GAB29-10,20119,Дамяново,,2
GAB29-11,21628,Добромирка,,2
GAB29-12,24178,Душево,,2
GAB29-15,38652,Кормянско,,2
GAB29-16,39431,Крамолин,,2
GAB29-17,40141,Крушево,,2
GAB29-23,56037,Петко Славейков,,2
GAB29-24,63673,Ряховците,,2
GAB29-25,66216,Сенник,,2
GAB29-32,83497,Шумата,,2
GAB35-04,56719,Плачковци,,2
HKV09-02,06547,Брод,,2
HKV09-07,17141,Горски извор,,2
HKV09-09,21539,Добрич,,2
HKV09-12,31156,Златополе,,2
HKV09-13,36573,Каснаково,,2
HKV09-14,39668,Крепост,,2
HKV09-15,39966,Крум,,2
HKV09-17,47843,Меричлери,,2
HKV09-18,61368,Радиево,,2
HKV09-21,66831,Скобелево,,2
HKV09-22,68669,Сталево,,2
HKV09-23,69691,Странско,,2
HKV09-25,81092,Черногорово,,2
HKV09-26,87076,Ябълково,,2
HKV11-01,03681,Белополци,,660
HKV11-04,18054,Гугутка,,660
HKV11-07,29101,Железино,,660
HKV11-16,56633,Планинец,,660
HKV11-20,65704,Свирачи,,2
HKV17-05,44077,Лозен,,2
HKV17-06,46574,Малко градище,,2
HKV18-04,22375,Долни Главанак,,660
HKV18-05,22856,Долно Съдиево,,660
HKV18-12,72792,Тополово,,660
HKV19-01,00446,Ангел войвода,,2
HKV19-02,05983,Боян Ботево,,2
HKV19-04,11106,Винево,,2
HKV19-05,36325,Караманци,,2
HKV19-09,70250,Сусам,,2
HKV19-10,70651,Сърница,,2
HKV19-11,72103,Татарево,,2
HKV28-03,36110,Капитан Андреево,,2
HKV28-04,43205,Левка,,2
HKV28-07,48979,Момково,,2
HKV28-13,70055,Студена,,2
HKV29-06,65721,Свирково,,2
HKV30-03,11692,Воденци,,660
HKV30-11,29550,Жълти бряг,,2
HKV30-12,02436,Балкан,,395
HKV30-13,07781,Бял кладенец,,395
HKV30-14,15093,Гледка,,395
HKV30-15,15775,Голям извор,,395
HKV30-16,22575,Долно Ботево,,395
HKV30-17,22887,Долно Черковище,,395
HKV30-18,30908,Зимовина,,395
HKV30-19,44803,Лясковец,,395
HKV30-20,57618,Поповец,,395
HKV30-21,58815,Пчелари,,395
HKV30-22,65629,Светослав,,395
HKV30-26,46070,Маджари,,660
HKV30-27,46899,Малък извор,,660
HKV30-29,61025,Рабово,,660
HKV30-30,66411,Силен,,660
HKV32-06,49219,Мрамор,,2
HKV32-07,53802,Орешник,,2
HKV32-08,53895,Орлов дол,,2
HKV32-11,61491,Радовец,,2
HKV32-13,66487,Синапово,,2
HKV32-14,68583,Срем,,2
HKV32-15,75191,Устрем,,2
HKV32-16,77325,Хлябово,,2
HKV33-01,04128,Бисер,,2
HKV33-02,05298,Болярски извор,,660
HKV33-04,07315,Българин,,2
HKV33-05,12810,Върбово,,660
HKV33-19,67101,Славяново,,2
HKV33-23,83377,Шишманово,,660
HKV34-02,06759,Брягово,,2
HKV34-03,11867,Войводово,,2
HKV34-04,12382,Въгларово,,2
HKV34-05,14550,Гарваново,,2
HKV34-06,15429,Големанци,,2
HKV34-08,18232,Гълъбец,,660
HKV34-09,21155,Динево,,2
HKV34-11,24949,Долно Големанци,,2
HKV34-12,27200,Елена,,2
HKV34-13,31365,Зорница,,660
HKV34-14,37321,Клокотница,,2
HKV34-15,37383,Книжовник,,2
HKV34-16,37770,Козлец,,2
HKV34-17,38399,Конуш,,2
HKV34-18,38580,Корен,,660
HKV34-19,39863,Криво поле,,2
HKV34-21,46293,Малево,,2
HKV34-23,47055,Мандра,,660
HKV34-24,47442,Маслиново,,660
HKV34-26,51891,Нова Надежда,,2
HKV34-27,53936,Орлово,,2
HKV34-30,68692,Стамболийски,,2
HKV34-32,72182,Текето,,660
HKV34-33,72953,Тракиец,,2
HKV34-34,75085,Узунджово,,2
HKV34-35,83288,Широка поляна,,660
JAM03-11,46958,Мамарчево,,2
JAM03-16,69208,Стефан Караджово,,2
JAM07-02,06001,Бояново,,2
JAM07-05,17748,Гранитово,,2
JAM07-08,32576,Изгрев,,2
JAM07-11,43459,Лесово,,2
JAM07-12,46797,Маломирово,,2
JAM07-13,46904,Малък манастир,,2
JAM07-14,47768,Мелница,,2
JAM07-15,58801,Пчела,,2
JAM22-04,11661,Воденичане,,2
JAM22-05,11908,Войника,,2
JAM22-07,30898,Зимница,,2
JAM22-09,32771,Иречеково,,2
JAM22-10,35794,Каменец,,2
JAM22-12,44118,Лозенец,,2
JAM25-02,03229,Безмер,,2
JAM25-04,05863,Ботево,,2
JAM25-05,05952,Бояджик,,2
JAM25-06,10776,Веселиново,,2
JAM25-08,15789,Голям манастир,,2
JAM25-10,23501,Дражево,,2
JAM25-13,30096,Завой,,2
JAM25-15,32740,Генерал Инзово,,1486
JAM25-16,35028,Кабиле,,2
JAM25-17,35609,Калчево,,2
JAM25-21,40018,Крумово,,2
JAM25-22,40484,Кукорево,,2
JAM25-23,46783,Маломир,,2
JAM25-27,48787,Могила,,2
JAM25-28,53299,Овчи кладенец,,2
JAM25-29,53480,Окоп,,2
JAM25-30,56873,Победа,,2
JAM25-32,62921,Роза,,2
JAM25-35,66737,Скалица,,2
JAM25-38,72240,Тенево,,2
JAM25-40,77030,Хаджидимитрово,,2
JAM25-41,77150,Ханово,,2
JAM25-42,80217,Чарган,,2
JAM25-45,37681,Козарево,,428
KNL04-06,15535,Големо село,,2
KNL04-13,48711,Мламолово,,2
KNL05-02,04314,Блажиево,,2
KNL05-08,67252,Слатино,,2
KNL05-10,75174,Усойка,,2
KNL27-06,49360,Мурсалево,,2
KNL27-07,57830,Пороминово,,2
KNL27-08,69261,Стоб,,2
KNL29-01,02138,Багренци,,2
KNL29-04,04796,Богослов,,685
KNL29-09,16198,Горна Гращица,,685
KNL29-11,17751,Граница,,2
KNL29-17,23282,Драговищица,,2
KNL29-18,29026,Жабокрът,,2
KNL29-19,29386,Жиленци,,2
KNL29-22,38432,Коняво,,2
KNL29-23,38474,Копиловци,,2
KNL29-24,44183,Лозно,,2
KNL29-30,52400,Николичевци,,685
KNL29-31,56378,Пиперков чифлик,,2
KNL29-39,67461,Слокощица,,2
KNL29-40,67790,Соволяно,,2
KNL29-46,83354,Шишковци,,2
KNL29-47,87062,Ябълково,,2
KNL31-01,10050,Ваксево,,2
KNL41-01,53254,Овчарци,,2
KNL41-02,62520,Ресилово,,2
KNL41-03,65379,Сапарево,,2
KNL48-01,02350,Баланово,,2
KNL48-02,04220,Бистрица,,2
KNL48-06,20763,Джерман,,2
KNL48-09,39339,Крайници,,2
KNL48-13,65245,Самораново,,2
KNL48-15,80491,Червен брег,,2
KNL48-16,87727,Яхиново,,2
KRZ02-01,00864,Ахрянско,,2
KRZ02-02,02991,Башево,,2
KRZ02-03,07747,Бял извор,,42
KRZ02-04,07925,Богатино,,2
KRZ02-06,16910,Горно Прахово,,2
KRZ02-07,18321,Гърбище,,2
KRZ02-08,22784,Долно Прахово,,2
KRZ02-10,29605,Жълтуша,,2
KRZ02-13,43270,Ленище,,2
KRZ02-16,48756,Млечино,,2
KRZ02-17,55124,Падина,,161
KRZ02-18,58013,Правдолюб,,2
KRZ02-20,65646,Светулка,,2
KRZ02-21,66562,Синчец,,2
KRZ02-25,77116,Брезен,,2
KRZ02-27,80176,Боровица,,2
KRZ02-28,81596,Чубрика,,2
KRZ02-30,87059,Ябълковец,,2
KRZ08-01,10389,Великденче,,2
KRZ08-02,11689,Воденичарско,,2
KRZ08-03,14647,Генерал Гешево,,2
KRZ08-04,21525,Добринци,,2
KRZ08-05,24195,Душинково,,2
KRZ08-06,29180,Желъдово,,2
KRZ08-07,37736,Козица,,1464
KRZ08-08,38371,Контил,,2
KRZ08-09,48622,Мишевско,,1834
KRZ08-10,55436,Папрат,,2
KRZ08-11,56589,Плазище,,2
KRZ08-12,57947,Поточе,,2
KRZ08-13,58387,Припек,,2
KRZ08-14,62654,Ридино,,2
KRZ08-15,62846,Рогозче,,2
KRZ08-16,67502,Слънчоглед,,2
KRZ08-17,72211,Телчарка,,1464
KRZ08-18,73715,Търновци,,1464
KRZ08-19,75201,Устрен,,2
KRZ08-21,80128,Чакалци,,2
KRZ08-22,84019,Щерна,,1464
KRZ14-01,00120,Върбен,,2
KRZ14-02,03825,Бенковски,,2
KRZ14-05,17138,Горски извор,,2
KRZ14-07,18558,Горно Кирково,,2
KRZ14-08,20554,Делвино,,660
KRZ14-09,20777,Джерово,,2
KRZ14-10,21631,Добромирци,,2
KRZ14-11,22678,Долно Къпиново,,660
KRZ14-12,22928,Домище,,660
KRZ14-13,23577,Дрангово,,2
KRZ14-14,24743,Дюлица,,660
KRZ14-15,30106,Завоя,,2
KRZ14-16,30140,Загорски,,660
KRZ14-17,36748,Каялоба,,660
KRZ14-18,37071,Китна,,2
KRZ14-19,39445,Кран,,660
KRZ14-20,39877,Крилатица,,660
KRZ14-22,40988,Кърчовско,,660
KRZ14-24,46680,Малкоч,,660
KRZ14-25,47531,Медевци,,660
KRZ14-27,49480,Мъглене,,660
KRZ14-29,54393,Островец,,660
KRZ14-31,57039,Подкова,,660
KRZ14-32,58178,Пресека,,660
KRZ14-33,62236,Растник,,660
KRZ14-34,65214,Самодива,,660
KRZ14-35,65228,Самокитка,,660
KRZ14-37,68953,Старово,,660
KRZ14-38,69482,Стоманци,,660
KRZ14-40,72463,Тихомир,,2
KRZ14-41,76159,Фотиново,,2
KRZ14-42,80090,Чакаларово,,2
KRZ14-43,81493,Чичево,,660
KRZ14-44,81565,Чорбаджийско,,2
KRZ14-45,83449,Шопци,,2
KRZ14-46,83538,Шумнатица,,2
KRZ15-01,00093,Аврен,,2
KRZ15-02,02141,Багрилци,,660
KRZ15-03,06906,Бук,,2
KRZ15-04,12190,Вранско,,2
KRZ15-05,15713,Голяма Чинка,,660
KRZ15-07,15878,Голямо Каменяне,,660
KRZ15-08,16287,Горна кула,,2
KRZ15-10,17868,Гривка,,660
KRZ15-11,18071,Гулийка,,2
KRZ15-15,20732,Джанка,,660
KRZ15-16,22157,Долна кула,,660
KRZ15-17,27036,Егрек,,2
KRZ15-18,30538,Звънарка,,2
KRZ15-19,36021,Кандилка,,660
KRZ15-20,37558,Ковил,,660
KRZ15-21,39565,Красино,,660
KRZ15-22,40823,Къклица,,660
KRZ15-23,43596,Лещарка,,660
KRZ15-25,44344,Луличка,,660
KRZ15-26,46601,Малко Каменяне,,660
KRZ15-27,46872,Малък Девесил,,2
KRZ15-28,47860,Метлика,,660
KRZ15-29,49103,Морянци,,660
KRZ15-30,53206,Овчари,,660
KRZ15-32,57062,Подрумче,,660
KRZ15-33,57248,Полковник Желязово,,2
KRZ15-34,57950,Поточница,,2
KRZ15-36,62774,Рогач,,2
KRZ15-38,66545,Синигер,,660
KRZ15-39,67297,Сливарка,,660
KRZ15-41,69688,Странджево,,2
KRZ15-42,70104,Студен кладенец,,660
KRZ15-43,72429,Тинтява,,660
KRZ15-44,72610,Токачка,,660
KRZ15-45,55614,Пашинци,,2
KRZ15-46,77428,Храстово,,660
KRZ15-47,80145,Чал,,660
KRZ15-48,81027,Черничево,,660
KRZ15-49,81205,Чернооки,,660
KRZ15-52,54821,Орех,,1694
KRZ16-01,03006,Бащино,,660
KRZ16-02,03499,Бели пласт,,660
KRZ16-03,05205,Бойно,,300
KRZ16-04,10358,Велешани,,660
KRZ16-05,11243,Висока поляна,,660
KRZ16-06,12053,Воловарци,,660
KRZ16-07,15216,Глухар,,2
KRZ16-08,16267,Горна крепост,,660
KRZ16-09,24462,Дъждовница,,660
KRZ16-10,27512,Енчец,,2
KRZ16-11,29407,Жинзифово,,2
KRZ16-12,30524,Звиница,,2
KRZ16-13,35540,Калоянци,,2
KRZ16-14,37438,Кобиляне,,660
KRZ16-15,38282,Конево,,2
KRZ16-16,38981,Костино,,2
KRZ16-17,41085,Кьосево,,660
KRZ16-18,46214,Македонци,,2
KRZ16-19,48074,Миладиново,,2
KRZ16-20,49120,Мост,,2
KRZ16-21,49343,Мургово,,660
KRZ16-23,53638,Опълченско,,2
KRZ16-24,54403,Островица,,2
KRZ16-25,55823,Пеньово,,660
KRZ16-26,55885,Перперек,,2
KRZ16-27,56928,Повет,,660
KRZ16-28,58342,Прилепци,,660
KRZ16-29,62195,Рани лист,,2
KRZ16-30,62445,Резбарци,,2
KRZ16-31,65975,Седловина,,660
KRZ16-32,66603,Сипей,,2
KRZ16-33,66740,Скалище,,2
KRZ16-34,66754,Скална глава,,660
KRZ16-35,68014,Солище,,2
KRZ16-37,69852,Стремци,,558
KRZ16-38,80594,Черешица,,660
KRZ16-39,81362,Чилик,,558
KRZ16-40,81462,Чифлик,,660
KRZ16-41,83315,Широко поле,,2
KRZ16-43,39342,Крайно село,,660
KRZ16-44,30466,Звезделина,,2
KRZ16-45,67982,Соколяне,,558
KRZ16-46,73136,Три могили,,558
KRZ16-47,78149,Царевец,,558
KRZ16-48,87672,Ястреб,,558
KRZ16-49,44700,Люляково,,558
KRZ21-01,02155,Багрянка,,1449
KRZ21-04,12293,Врело,,1357
KRZ21-06,17988,Груево,,2
KRZ21-08,20755,Джелепско,,1357
KRZ21-09,30154,Загорско,,1357
KRZ21-10,30452,Звездел,,1359
KRZ21-11,36350,Карамфил,,1357
KRZ21-12,38409,Конче,,1357
KRZ21-13,43102,Лале,,2
KRZ21-14,51097,Нановица,,2
KRZ21-15,51473,Неофит Бозвелиево,,2
KRZ21-16,56575,Пиявец,,1357
KRZ21-17,58757,Птичар,,1357
KRZ21-18,61063,Равен,,2
KRZ21-20,65944,Седефче,,1357
KRZ21-21,65961,Седлари,,1357
KRZ21-22,66500,Синделци,,1357
KRZ21-23,67882,Соколино,,2
KRZ21-24,80087,Чайка,,1357
KRZ21-26,81734,Чуково,,1357
KRZ21-27,86030,Върхари,,1357
KRZ21-29,57892,Постник,,1357
KRZ21-30,00828,Ауста,,1358
KRZ21-31,55169,Пазарци,,1359
KRZ21-32,59361,Прогрес,,1464
KRZ35-02,03410,Бели вир,,2
KRZ35-03,14221,Габрово,,2
KRZ35-04,20167,Даскалово,,660
KRZ35-05,23114,Драганово,,2
KRZ35-06,24774,Дядовско,,660
KRZ35-07,29132,Железник,,2
KRZ35-09,29461,Житница,,2
KRZ35-12,38176,Комунига,,2
KRZ35-13,44820,Лясково,,2
KRZ35-14,48307,Минзухар,,2
KRZ35-15,52153,Новоселище,,660
KRZ35-17,55395,Паничково,,2
KRZ35-18,55568,Патица,,660
KRZ35-19,55960,Петелово,,660
KRZ35-21,65841,Свободиново,,2
KRZ35-22,87165,Яворово,,660
LOV17-01,17244,Горско Сливово,,2
LOV17-02,40261,Крушуна,,2
LOV18-02,00299,Александрово,,2
LOV18-03,02935,Баховица,,2
LOV18-11,21823,Дойренци,,2
LOV18-18,43829,Лисец,,2
LOV18-19,46396,Малиново,,2
LOV18-23,67060,Славяни,,2
LOV18-24,67218,Слатина,,2
LOV18-28,69523,Радювене,,2
LOV19-01,03143,Бежаново,,2
LOV19-02,03373,Беленци,,2
LOV19-03,20688,Дерманци,,2
LOV19-05,36511,Карлуково,,2
LOV19-06,43058,Торос,,2
LOV19-07,56099,Петревене,,2
LOV19-09,63327,Румянцево,,2
LOV19-10,72552,Тодоричене,,2
LOV19-11,85010,Ъглен,,2
LOV33-01,07357,Български извор,,2
LOV33-04,14386,Галата,,2
LOV33-05,15148,Глогово,,2
LOV33-06,15165,Гложене,,1378
LOV33-07,15758,Голям извор,,1378
LOV33-08,17419,Градежница,,2
LOV33-11,62579,Рибарица,,1378
LOV33-12,80902,Черни Вит,,2
LOV34-03,03486,Бели Осъм,,2
LOV34-05,05445,Борима,,2
LOV34-06,12108,Врабево,,1827
LOV34-07,15703,Голяма Желязна,,2
LOV34-10,20300,Дебнево,,2
LOV34-13,35290,Калейца,,2
LOV34-15,53707,Орешак,,1827
LOV34-19,80981,Черни Осъм,,1827
LOV34-21,83212,Шипково,,2
LOV36-04,36662,Катунец,,2
LOV36-05,36943,Кирчево,,2
LOV36-06,43325,Лесидрен,,2
LOV38-02,06450,Брестница,,2
LOV38-04,21381,Добревци,,2
LOV38-06,31098,Златна Панега,,2
MON02-04,05654,Боровци,,2
MON02-05,07510,Бързия,,2
MON02-07,30301,Замфирово,,2
MON04-03,11418,Владимирово,,2
MON04-04,17943,Громшин,,2
MON04-05,27557,Ерден,,2
MON04-07,43517,Лехчево,,2
MON04-08,46036,Мадан,,2
MON04-09,49607,Мърчево,,2
MON04-10,54496,Охрид,,2
MON04-13,57844,Портитовци,,436
MON07-02,10255,Василовци,,2
MON07-03,22945,Дондуково,,2
MON07-07,39743,Крива бара,,2
MON07-08,67564,Смирненски,,2
MON11-03,16184,Септемврийци,,2
MON11-05,22530,Долни Цибър,,2
MON11-06,31053,Златия,,2
MON11-08,48859,Мокреш,,2
MON11-09,61707,Разград,,2
MON11-10,80933,Черни връх,,2
MON12-04,22747,Долно Озирово,,2
MON12-06,68179,Спанчевци,,660
MON14-04,15299,Говежда,,2
MON14-10,38488,Копиловци,,2
MON24-03,30291,Замфир,,2
MON24-04,37544,Ковачица,,2
MON24-07,68672,Сталийска махала,,2
MON24-09,72940,Трайково,,2
MON26-01,00792,Аспарухово,,2
MON26-03,62222,Расово,,2
MON26-04,67386,Сливовик,,2
MON29-02,03722,Белотинци,,2
MON29-03,03736,Долно Белотинци,,2
MON29-04,04251,Благово,,2
MON29-08,14180,Габровница,,2
MON29-10,21840,Доктор Йосифово,,2
MON29-16,51665,Николово,,2
MON29-17,67043,Славотин,,2
MON29-18,67667,Смоляновци,,2
MON29-19,70024,Стубел,,2
MON29-20,70113,Студено буче,,2
MON29-21,17018,Горно Церовене,,35
MON29-24,11171,Вирове,,451
MON36-07,58116,Превала,,2
MON36-09,29115,Железна,,459
MON38-01,22873,Долно Церовене,,2
MON38-02,24551,Дългоделци,,2
MON38-03,38159,Комощица,,2
PAZ03-01,51874,Нова махала,,2
PAZ03-02,76162,Фотиново,,2
PAZ04-01,14163,Габровица,,2
PAZ04-02,15802,Голямо Белово,,2
PAZ04-03,24414,Дъбравите,,2
PAZ04-04,47812,Мененкьово,,2
PAZ04-05,48903,Момина клисура,,2
PAZ04-06,66319,Сестримо,,2
PAZ04-07,00165,Аканджиево,,2
PAZ06-01,07586,Бяга,,2
PAZ06-03,32888,Исперихово,,2
PAZ06-04,37705,Козарско,,2
PAZ06-05,61220,Равногор,,2
PAZ06-06,62973,Розово,,2
PAZ08-01,00881,Абланица,,2
PAZ08-02,07836,Биркова,,2
PAZ08-06,17823,Грашево,,2
PAZ08-08,23234,Драгиново,,2
PAZ08-09,41136,Кръстава,,2
PAZ08-11,55631,Пашови,,2
PAZ08-13,63687,Рохлева,,2
PAZ08-14,65534,Света Петка,,2
PAZ14-01,05459,Боримечково,,2
PAZ14-02,21172,Динката,,2
PAZ14-03,35571,Калугерово,,2
PAZ14-04,55275,Памидово,,2
PAZ14-05,78478,Церово,,2
PAZ19-01,00254,Алеко Константиново,,2
PAZ19-02,00571,Априлци,,2
PAZ19-03,06149,Братаница,,2
PAZ19-04,10505,Величково,,2
PAZ19-05,14619,Гелеменово,,2
PAZ19-06,15028,Главиница,,2
PAZ19-07,15271,Говедаре,,2
PAZ19-08,20362,Дебръщица,,2
PAZ19-09,21556,Добровница,,2
PAZ19-10,23457,Драгор,,2
PAZ19-11,30572,Звъничево,,2
PAZ19-12,32010,Ивайло,,2
PAZ19-14,44879,Ляхово,,2
PAZ19-15,46749,Мало Конаре,,2
PAZ19-16,48444,Мирянци,,2
PAZ19-17,48876,Мокрище,,2
PAZ19-18,53285,Овчеполци,,2
PAZ19-19,53335,Огняново,,2
PAZ19-20,55556,Паталеница,,2
PAZ19-21,56561,Пищигово,,2
PAZ19-22,63032,Росен,,2
PAZ19-23,65437,Сарая,,2
PAZ19-25,66559,Синитово,,2
PAZ19-27,77061,Хаджиево,,2
PAZ19-29,78570,Црънча,,2
PAZ19-30,81089,Черногорово,,2
PAZ19-31,86074,Юнаците,,2
PAZ20-01,02717,Баня,,2
PAZ20-02,07572,Бъта,,2
PAZ20-03,22681,Левски,,2
PAZ20-04,27406,Елшица,,2
PAZ20-05,53103,Оборище,,2
PAZ20-06,57128,Поибрене,,2
PAZ20-07,57580,Попинци,,2
PAZ20-08,59375,Панагюрски колонии,,2
PAZ21-01,36124,Капитан Димитриево,,2
PAZ21-02,61371,Радилово,,2
PAZ24-01,23008,Дорково,,2
PAZ24-02,38844,Костандово,,2
PAZ29-02,05949,Бошуля,,2
PAZ29-03,10104,Варвара,,2
PAZ29-04,10820,Ветрен,,2
PAZ29-05,10851,Ветрен дол,,2
PAZ29-06,11154,Виноградец,,2
PAZ29-08,31214,Злокучене,,2
PAZ29-09,36172,Карабунар,,2
PAZ29-10,37491,Ковачево,,2
PAZ29-11,44053,Лозен,,2
PAZ29-12,66202,Семчиново,,2
PAZ29-13,66439,Симеоновец,,2
PAZ29-14,67009,Славовица,,2
PAZ39-01,70648,Сърница,,1862
PAZ39-02,47559,Медени поляни,,1862
PAZ39-03,59224,Побит камък,,1862
PDV01-02,06029,Боянци,,2
PDV01-07,31108,Златовръх,,2
PDV01-08,32341,Избеглии,,2
PDV01-10,37633,Козаново,,2
PDV01-11,38385,Конуш,,2
PDV01-13,49309,Мулдава,,2
PDV01-14,51127,Нареченски бани,,2
PDV01-15,51830,Новаково,,2
PDV01-18,69273,Стоево,,2
PDV01-19,72789,Тополово,,2
PDV01-21,80437,Червен,,2
PDV01-22,43298,Леново,,159
PDV01-24,32398,Нови извор,,462
PDV07-02,05356,Борец,,2
PDV07-05,30750,Зелениково,,2
PDV07-08,58983,Пъдарско,,2
PDV07-11,69818,Стрелци,,2
PDV07-15,81975,Чоба,,2
PDV07-18,23580,Дрангово,,463
PDV12-01,03085,Бегово,,2
PDV12-05,24000,Дуванлии,,2
PDV12-06,24582,Дълго поле,,2
PDV12-07,29475,Житница,,2
PDV12-10,55926,Песнопой,,2
PDV12-12,63567,Ръжево Конаре,,2
PDV12-13,81133,Черноземен,,464
PDV12-14,22191,Долна махала,,464
PDV13-01,02720,Баня,,2
PDV13-02,03109,Бегунци,,2
PDV13-03,04563,Богдан,,2
PDV13-04,10207,Васил Левски,,2
PDV13-05,10291,Ведраре,,2
PDV13-06,12005,Войнягово,,2
PDV13-07,16513,Горни Домлян,,2
PDV13-08,22931,Домлян,,2
PDV13-09,24241,Дъбене,,2
PDV13-10,32226,Иганово,,2
PDV13-11,35496,Калофер,,2
PDV13-12,36186,Каравелово,,2
PDV13-13,37229,Климент,,2
PDV13-14,37277,Клисура,,2
PDV13-16,40939,Кърнаре,,2
PDV13-21,58616,Пролом,,2
PDV13-22,62949,Розино,,2
PDV13-23,67235,Слатина,,2
PDV13-24,67903,Соколица,,2
PDV13-26,69420,Столетово,,2
PDV13-27,77462,Христо Даново,,2
PDV13-29,55676,Певците,,465
PDV17-01,03839,Бенковски,,2
PDV17-02,11845,Войводиново,,2
PDV17-03,12019,Войсил,,2
PDV17-04,17806,Граф Игнатиево,,2
PDV17-05,21169,Динк,,2
PDV17-07,35300,Калековец,,2
PDV17-08,38950,Костиево,,2
PDV17-09,39918,Крислово,,2
PDV17-10,47086,Маноле,,2
PDV17-11,47113,Манолско Конаре,,2
PDV17-12,61412,Радиново,,2
PDV17-13,62858,Рогош,,2
PDV17-14,66915,Скутаре,,2
PDV17-15,69874,Строево,,2
PDV17-16,73122,Трилистник,,2
PDV17-17,73242,Труд,,2
PDV17-18,78080,Царацово,,2
PDV17-19,87669,Ясно поле,,2
PDV17-20,29235,Желязно,,468
PDV23-01,06745,Брягово,,2
PDV23-02,07675,Бяла река,,2
PDV23-03,11123,Виница,,2
PDV23-04,11627,Воден,,2
PDV23-05,17484,Градина,,2
PDV23-08,24493,Дълбок извор,,2
PDV23-09,27139,Езерово,,2
PDV23-11,32826,Искра,,2
PDV23-12,36230,Караджалово,,2
PDV23-13,40155,Крушево,,2
PDV23-15,56335,Буково,,2
PDV23-17,58089,Православен,,2
PDV23-18,72093,Татарево,,2
PDV25-01,03620,Белозем,,2
PDV25-03,48948,Момино село,,2
PDV25-04,70010,Стряма,,2
PDV25-05,80162,Чалъкови,,2
PDV25-06,83380,Шишманци,,2
PDV26-01,03304,Белащица,,2
PDV26-03,06077,Браниполе,,2
PDV26-04,06447,Брестник,,2
PDV26-05,06505,Брестовица,,2
PDV26-09,31036,Златитрап,,2
PDV26-12,35095,Кадиево,,2
PDV26-14,40004,Крумово,,2
PDV26-18,47295,Марково,,2
PDV26-23,59032,Първенец,,2
PDV26-28,75188,Устина,,2
PDV26-29,77373,Храбрино,,2
PDV26-30,78029,Цалапица,,2
PDV26-33,87240,Ягодово,,2
PDV28-02,04594,Богданица,,2
PDV28-03,05339,Болярци,,2
PDV28-04,36244,Караджово,,2
PDV28-05,36676,Катуница,,2
PDV28-06,39102,Кочево,,2
PDV28-07,48152,Милево,,2
PDV28-09,57621,Поповица,,2
PDV28-10,66127,Селци,,2
PDV28-11,81342,Чешнегирово,,2
PDV28-13,48965,Моминско,,470
PDV33-01,15970,Голям чардак,,2
PDV33-02,23426,Драгомир,,2
PDV33-04,46944,Малък чардак,,2
PDV33-05,51069,Найден Герово,,2
PDV33-07,58058,Правище,,2
PDV33-08,78171,Царимир,,2
PDV33-10,51305,Неделево,,471
PDV37-01,03589,Беловица,,2
PDV37-02,39579,Красново,,2
PDV37-03,40333,Кръстевич,,2
PDV37-08,55378,Паничери,,2
PDV37-09,68967,Старо Железаре,,2
PDV37-10,69016,Старосел,,2
PDV37-11,81030,Черничево,,472
PDV41-01,34028,Йоаким Груево,,2
PDV41-02,40717,Куртово Конаре,,2
PDV41-03,52221,Ново село,,2
PDV41-04,73081,Триводици,,2
PDV43-01,00480,Анево,,22
PER08-15,52324,Ноевци,,2
PER32-01,04618,Богданов дол,,2
PER32-05,15504,Големо Бучино,,2
PER32-06,20986,Дивотино,,2
PER32-07,23251,Драгичево,,2
PER32-09,37174,Кладница,,2
PER32-10,39387,Кралев дол,,2
PER32-12,44656,Люлин,,2
PER32-13,48037,Мещица,,2
PER32-16,63152,Рударци,,2
PER32-17,70038,Студена,,2
PER32-18,72223,Батановци,,2
PER32-20,87480,Ярджиловци,,2
PER32-22,62219,Расник,,480
PER36-08,22085,Долна Диканя,,2
PER36-10,23649,Дрен,,2
PER36-11,24832,Друган,,2
PER36-14,32384,Извор,,2
PER36-25,69239,Стефаново,,2
PER36-27,22490,Долни Раковец,,483
PVN03-02,20537,Деков,,2
PVN03-04,56085,Петокладенци,,2
PVN03-05,72117,Татари,,2
PVN08-01,06402,Брест,,2
PVN08-02,14876,Гиген,,2
PVN08-04,22335,Долни Вит,,2
PVN08-05,24308,Дъбован,,2
PVN08-06,30199,Загражден,,2
PVN08-08,43284,Ленково,,2
PVN08-09,48204,Милковица,,2
PVN08-10,68045,Сомовит,,2
PVN08-12,83394,Шияково,,486
PVN10-01,02227,Байкал,,2
PVN10-02,03993,Биволаре,,2
PVN10-03,05013,Божурица,,2
PVN10-04,06210,Брегаре,,2
PVN10-05,16345,Горна Митрополия,,2
PVN10-07,38145,Комарево,,2
PVN10-08,40195,Крушовене,,2
PVN10-09,53655,Ореховица,,2
PVN10-10,56865,Победа,,2
PVN10-11,57025,Подем,,2
PVN10-12,62596,Рибен,,2
PVN10-13,67012,Славовица,,2
PVN10-14,68607,Ставерци,,2
PVN10-15,73359,Тръстеник,,2
PVN11-01,07524,Бъркач,,2
PVN11-02,16537,Горни Дъбник,,2
PVN11-03,17470,Градина,,2
PVN11-04,40213,Крушовица,,2
PVN11-05,56201,Петърница,,2
PVN11-06,65070,Садовец,,2
PVN16-01,00761,Асеновци,,2
PVN16-02,00802,Аспарухово,,2
PVN16-04,07274,Българене,,2
PVN16-06,17556,Градище,,2
PVN16-07,32531,Изгрев,,2
PVN16-08,37647,Козар Белене,,2
PVN16-09,46841,Малчика,,2
PVN16-10,53089,Обнова,,2
PVN16-11,69153,Стежерово,,2
PVN16-12,73345,Трънчовица,,2
PVN21-02,02957,Бацова махала,,2
PVN21-03,12365,Въбел,,2
PVN21-04,20314,Дебово,,2
PVN21-05,23193,Драгаш войвода,,2
PVN21-10,49415,Муселиево,,2
PVN21-11,51932,Новачене,,2
PVN21-12,65320,Санадиново,,2
PVN21-13,80697,Черковица,,2
PVN23-01,22438,Долни Луковит,,2
PVN23-02,56493,Писарово,,2
PVN23-03,69095,Староселци,,2
PVN24-01,03068,Беглеж,,2
PVN24-02,05921,Бохот,,2
PVN24-03,06495,Брестовец,,2
PVN24-04,06690,Бръшляница,,2
PVN24-05,06999,Буковлък,,2
PVN24-06,12752,Върбица,,2
PVN24-08,17854,Гривица,,2
PVN24-09,24935,Дисевица,,2
PVN24-10,37856,Коиловци,,2
PVN24-14,47963,Мечка,,2
PVN24-15,51620,Николаево,,2
PVN24-16,53583,Опанец,,2
PVN24-17,55765,Пелишат,,2
PVN24-18,61426,Радишево,,2
PVN24-20,67088,Славяново,,2
PVN24-23,73674,Търнене,,2
PVN24-24,87597,Ясен,,2
PVN27-02,12601,Вълчитрън,,2
PVN27-03,30590,Згалево,,2
PVN27-04,35780,Каменец,,2
PVN27-06,53446,Одърне,,2
PVN27-07,72881,Тотлебен,,2
PVN37-01,06433,Бресте,,2
PVN37-02,14934,Глава,,2
PVN37-03,16540,Горник,,2
PVN37-04,20383,Девенци,,2
PVN37-05,37863,Койнаре,,2
PVN37-06,43311,Лепица,,2
PVN37-07,61580,Радомирци,,2
PVN37-08,61950,Ракита,,2
PVN37-09,62503,Реселец,,2
PVN37-10,63361,Рупци,,2
PVN37-11,70281,Сухаче,,2
PVN37-12,72206,Телиш,,2
PVN37-13,81551,Чомаковци,,2
PVN39-01,06375,Бреница,,25
PVN39-02,27509,Еница,,25
PVN39-03,43044,Лазарово,,25
RAZ11-01,06481,Брестовене,,2
RAZ11-02,10714,Веселец,,2
RAZ11-03,32192,Иван Шишманово,,2
RAZ11-04,54417,Острово,,2
RAZ11-05,58147,Прелез,,2
RAZ11-06,70384,Сушево,,2
RAZ14-01,03472,Белинци,,2
RAZ14-02,07452,Бърдоква,,2
RAZ14-03,10015,Вазово,,2
RAZ14-04,15953,Голям Поровец,,2
RAZ14-05,20609,Делчево,,2
RAZ14-06,24116,Лудогорци,,2
RAZ14-07,24150,Духовец,,2
RAZ14-08,24921,Драгомъж,,2
RAZ14-09,34103,Йонково,,2
RAZ14-10,37010,Китанчево,,2
RAZ14-12,40899,Къпиновци,,2
RAZ14-13,44358,Лъвино,,2
RAZ14-14,46913,Малък Поровец,,2
RAZ14-15,56232,Печеница,,2
RAZ14-16,56945,Подайва,,2
RAZ14-17,61875,Райнино,,2
RAZ14-18,65650,Свещари,,2
RAZ14-19,68552,Средоселци,,2
RAZ14-20,69047,Старо селище,,2
RAZ14-21,72578,Тодорово,,2
RAZ14-22,87285,Яким Груево,,2
RAZ14-23,50512,Малко Йонково,,1385
RAZ16-01,03575,Беловец,,2
RAZ16-02,04131,Бисерци,,2
RAZ16-03,05058,Божурово,,2
RAZ16-04,16105,Горичево,,660
RAZ16-05,30212,Задруга,,2
RAZ16-06,30541,Звънарци,,2
RAZ16-07,47617,Медовене,,660
RAZ16-08,49518,Мъдрево,,2
RAZ16-09,65022,Савин,,2
RAZ16-10,65886,Севар,,2
RAZ16-11,66295,Сеслав,,2
RAZ16-14,72895,Точилари,,660
RAZ16-16,86091,Юпер,,2
RAZ16-17,35897,Каменово,,34
RAZ16-18,61203,Равно,,34
RAZ17-02,10759,Веселина,,2
RAZ17-04,17066,Гороцвет,,2
RAZ17-05,17498,Градина,,2
RAZ17-07,24092,Бели Лом,,2
RAZ17-08,35715,Каменар,,2
RAZ17-12,44937,Ловско,,2
RAZ17-21,65992,Сейдол,,2
RAZ17-22,66593,Синя вода,,2
RAZ17-23,70069,Студенец,,2
RAZ17-25,73002,Трапище,,2
RAZ17-27,81619,Чудомир,,2
RAZ26-02,04296,Благоево,,2
RAZ26-03,18589,Гецово,,2
RAZ26-04,23902,Дряновец,,2
RAZ26-05,24829,Дянково,,2
RAZ26-06,37109,Киченица,,2
RAZ26-07,43760,Липник,,2
RAZ26-08,49093,Мортагоново,,2
RAZ26-10,54105,Осенец,,2
RAZ26-13,61385,Радинград,,2
RAZ26-14,62089,Раковски,,2
RAZ26-15,70860,Стражец,,2
RAZ26-18,87624,Ясеновец,,2
RAZ26-19,72850,Топчии,,34
RAZ29-01,04666,Богданци,,2
RAZ29-02,04741,Богомилци,,2
RAZ29-03,11449,Владимировци,,2
RAZ29-04,15669,Голяма вода,,2
RAZ29-05,15761,Голям извор,,2
RAZ29-06,29218,Желязковец,,2
RAZ29-07,30630,Здравец,,2
RAZ29-09,39815,Кривица,,2
RAZ29-10,52341,Ножарово,,2
RAZ29-11,58877,Пчелина,,2
RAZ29-12,77517,Хума,,2
RAZ29-13,77579,Хърсово,,2
RAZ36-01,27156,Езерче,,2
RAZ36-02,38830,Костанденец,,2
RSE03-01,02854,Батин,,2
RSE03-04,16674,Горно Абланово,,2
RSE03-05,27173,Екзарх Йосиф,,2
RSE03-06,53117,Обретеник,,2
RSE04-03,05743,Босилковци,,2
RSE04-05,23916,Дряновец,,2
RSE04-06,38529,Копривец,,2
RSE04-09,57368,Полско Косово,,2
RSE04-12,05133,Лом Черковна,,527
RSE05-02,15151,Глоджево,,2
RSE05-04,39832,Кривня,,2
RSE05-08,66229,Сеново,,2
RSE05-09,67578,Смирненски,,2
RSE08-01,02587,Баниска,,2
RSE08-02,02868,Батишница,,2
RSE08-03,07212,Бъзовец,,2
RSE08-05,36364,Каран Върбовка,,2
RSE08-06,36703,Кацелово,,2
RSE08-08,57488,Помен,,2
RSE08-09,81373,Чилнов,,2
RSE13-03,39520,Красен,,2
RSE13-04,47977,Мечка,,2
RSE13-06,56397,Пиргово,,2
RSE13-08,73362,Тръстеник,,2
RSE13-10,84049,Щръклево,,2
RSE13-12,65509,Сваленик,,29
RSE27-01,02796,Басарбово,,2
RSE27-03,47336,Мартен,,2
RSE27-04,51679,Николово,,2
RSE27-05,52235,Ново село,,2
RSE27-06,58637,Просена,,2
RSE27-07,66158,Семерджиево,,2
RSE27-08,77342,Хотанца,,2
RSE27-09,80460,Червена вода,,2
RSE27-11,65348,Сандрово,,2
RSE27-12,72357,Тетово,,43
RSE27-13,87700,Ястребово,,398
RSE27-14,07231,Бъзън,,1500
RSE33-01,02083,Бабово,,2
RSE33-02,05517,Борисово,,2
RSE33-03,06673,Бръшлен,,2
RSE33-04,15829,Голямо Враново,,2
RSE33-05,39178,Кошарна,,2
RSE33-06,46560,Малко Враново,,2
RSE33-07,63668,Ряхово,,2
RSE33-09,68713,Стамболово,,2
RSE33-10,86026,Юделник,,2
RSE37-01,03745,Белцов,,2
RSE37-04,22277,Долна Студена,,2
RSE37-05,36316,Караманово,,2
RSE37-06,39788,Кривина,,2
RSE37-07,51977,Новград,,2
RSE37-08,56366,Пиперково,,2
SFO06-04,58606,Пролеша,,2
SFO06-06,77246,Хераково,,2
SFO06-07,77400,Храбърско,,2
SFO07-02,12283,Врачеш,,2
SFO07-07,43904,Литаково,,2
SFO07-08,51946,Новачене,,2
SFO07-11,66860,Скравена,,2
SFO07-12,73256,Трудовец,,2
SFO10-01,00549,Априлово,,2
SFO10-03,03705,Белопопци,,2
SFO10-07,22647,Долно Камарци,,2
SFO16-04,14034,Габер,,2
SFO17-02,14074,Габра,,2
SFO17-04,17885,Григорево,,2
SFO17-05,18490,Елин Пелин,,2
SFO17-06,21779,Доганово,,2
SFO17-09,43445,Лесново,,2
SFO17-10,49388,Мусачево,,2
SFO17-11,52012,Нови хан,,2
SFO17-13,56006,Петково,,2
SFO17-15,61248,Равно поле,,2
SFO17-16,69448,Столник,,2
SFO18-03,44313,Лопян,,2
SFO18-05,49641,Малки Искър,,2
SFO20-01,04830,Стамболово,,2
SFO20-06,10029,Вакарел,,2
SFO20-09,29338,Живково,,2
SFO25-02,38916,Костенец,,2
SFO25-05,50245,Момин проход,,1383
SFO26-04,15984,Голяновци,,2
SFO26-06,23296,Драговищица,,2
SFO26-09,56215,Петърч,,2
SFO34-01,11020,Видраре,,2
SFO34-02,20897,Джурово,,2
SFO34-05,54170,Осиковица,,2
SFO34-09,61807,Разлив,,2
SFO39-02,03441,Бели Искър,,2
SFO39-03,03767,Белчин,,2
SFO39-04,15285,Говедарци,,2
SFO39-09,23039,Доспей,,2
SFO39-10,23491,Драгушиново,,2
SFO39-13,37527,Ковачевци,,2
SFO39-15,46276,Мала църква,,2
SFO39-16,47264,Марица,,2
SFO39-19,58548,Продановци,,2
SFO39-20,61604,Радуил,,2
SFO39-21,61922,Райово,,2
SFO39-24,83291,Широки дол,,2
SFO43-06,11510,Владо Тричков,,2
SFO43-08,14461,Бов,,2
SFO43-09,14475,Лакатник,,2
SFO43-19,32843,Искрец,,2
SFO43-23,48129,Миланово,,2
SFO43-27,62387,Реброво,,2
SFO43-29,65663,Свидня,,2
SFO43-30,72655,Томпсън,,2
SFO43-32,78481,Церово,,2
SFO45-01,00223,Алдомировци,,2
SFO55-01,24164,Душанци,,2
SHU07-01,05685,Борци,,2
SHU07-02,05966,Боян,,2
SHU07-03,06865,Буйновица,,2
SHU07-04,14132,Габрица,,2
SHU07-06,23724,Дренци,,660
SHU07-07,32562,Изгрев,,2
SHU07-08,36155,Капитан Петко,,2
SHU07-09,54119,Осеновец,,2
SHU07-12,81061,Черноглавци,,2
SHU07-13,87610,Ясенково,,2
SHU10-01,05075,Божурово,,2
SHU10-02,07692,Бяла река,,2
SHU10-03,32113,Иваново,,2
SHU10-07,43949,Ловец,,2
SHU10-08,46773,Маломир,,2
SHU10-09,47785,Менгишево,,2
SHU10-10,47915,Методиево,,2
SHU10-11,51785,Нова бяла река,,2
SHU10-12,68847,Станянци,,2
SHU10-14,73537,Тушовица,,2
SHU10-15,81222,Чернооково,,2
SHU10-17,38306,Конево,,400
SHU10-18,70398,Сушина,,400
SHU11-01,02244,Байково,,660
SHU11-02,04430,Близнаци,,660
SHU11-04,11257,Висока поляна,,660
SHU11-05,12663,Върбак,,660
SHU11-06,21289,Длъжко,,660
SHU11-07,21405,Добри Войниково,,660
SHU11-08,27067,Единаковци,,660
SHU11-09,29341,Живково,,2
SHU11-10,30421,Звегор,,660
SHU11-11,32250,Иглика,,660
SHU11-13,35969,Каменяк,,2
SHU11-14,61697,Развигорово,,660
SHU11-15,67283,Сливак,,660
SHU11-16,70099,Студеница,,2
SHU11-17,72285,Тервел,,660
SHU11-18,72401,Тимарево,,2
SHU11-19,73050,Трем,,660
SHU11-20,80772,Черна,,660
SHU18-01,06094,Браничево,,2
SHU18-02,18188,Гусла,,2
SHU18-03,21811,Дойранци,,2
SHU18-04,21960,Долина,,2
SHU18-05,30137,Загориче,,2
SHU18-06,37232,Климент,,2
SHU18-07,44865,Лятно,,2
SHU18-08,51158,Наум,,2
SHU18-09,58485,Пристое,,2
SHU18-10,66531,Сини вир,,2
SHU18-11,68388,Средковец,,2
SHU18-12,72549,Тодор Икономово,,2
SHU18-13,73554,Тъкач,,2
SHU19-01,12838,Върбяне,,660
SHU19-02,31084,Златна нива,,2
SHU19-03,36590,Каспичан,,2
SHU19-07,47319,Марково,,2
SHU19-08,48773,Могила,,2
SHU19-09,56770,Плиска,,2
SHU21-02,12509,Вълнари,,2
SHU21-05,39760,Крива река,,2
SHU21-06,56071,Пет могили,,2
SHU21-09,78032,Цани Гинчево,,2
SHU21-10,78656,Църквица,,2
SHU21-11,36194,Каравелово,,401
SHU21-12,63269,Ружица,,401
SHU21-13,77582,Хърсово,,401
SHU22-02,11819,Войвода,,2
SHU22-03,27471,Енево,,660
SHU22-06,32353,Избул,,2
SHU22-07,48386,Мировци,,2
SHU22-08,55292,Памукчии,,2
SHU22-10,58027,Правенци,,660
SHU22-13,68744,Стан,,660
SHU22-14,69506,Стоян Михайловски,,2
SHU23-01,23340,Драгоево,,2
SHU23-02,30942,Златар,,2
SHU23-03,32723,Имренчево,,660
SHU23-04,39133,Кочово,,2
SHU23-05,48132,Миланово,,2
SHU23-06,48862,Мокреш,,660
SHU23-07,49148,Мостич,,660
SHU23-10,73170,Троица,,2
SHU25-03,10762,Веселиново,,2
SHU25-07,62732,Риш,,2
SHU25-09,87429,Янково,,2
SHU30-04,10923,Вехтово,,2
SHU30-05,17573,Градище,,2
SHU30-06,20938,Дибич,,2
SHU30-07,23813,Друмево,,2
SHU30-08,32158,Ивански,,2
SHU30-09,32706,Илия Блъсково,,2
SHU30-11,41188,Коньовец,,2
SHU30-13,47161,Мараш,,2
SHU30-14,52132,Новосел,,2
SHU30-18,65187,Салманово,,2
SHU30-19,68504,Средня,,660
SHU30-20,69924,Струино,,660
SHU30-21,78104,Царев брод,,2
SHU30-22,46053,Мадара,,160
SHU30-24,80546,Черенча,,660
SLS01-01,00240,Алеково,,403
SLS01-02,04145,Бистра,,403
SLS01-03,81712,Чуковец,,403
SLS07-02,04670,Богданци,,404
SLS07-04,21230,Дичево,,2
SLS07-06,30377,Зафирово,,404
SLS07-07,30507,Звенимир,,404
SLS07-08,30689,Зебил,,2
SLS07-10,35554,Калугерене,,2
SLS07-11,37993,Коларово,,2
SLS07-13,43894,Листец,,404
SLS07-15,52338,Ножарево,,404
SLS07-19,67828,Сокол,,2
SLS07-20,69184,Стефан Караджа,,2
SLS07-21,70336,Суходол,,1459
SLS07-22,81075,Черногор,,2
SLS07-24,22798,Долно Ряхово,,404
SLS07-25,31406,Зарица,,404
SLS07-26,12440,Вълкан,,404
SLS07-27,55138,Падина,,404
SLS10-01,05124,Боил,,2
SLS10-02,11764,Водно,,2
SLS10-03,12022,Вокил,,2
SLS10-05,18018,Грънчарово,,2
SLS10-06,21926,Долец,,2
SLS10-07,31125,Златоклас,,2
SLS10-08,37839,Козяк,,2
SLS10-09,38073,Колобър,,2
SLS10-10,47696,Межден,,2
SLS10-11,53148,Овен,,2
SLS10-12,53494,Окорш,,2
SLS10-13,53744,Орешене,,2
SLS10-14,55186,Паисиево,,2
SLS10-15,57296,Полковник Таслаково,,2
SLS10-16,57813,Поройно,,2
SLS10-17,57995,Правда,,2
SLS10-19,61724,Раздел,,2
SLS10-20,63286,Руйно,,2
SLS10-21,66038,Секулово,,2
SLS10-23,80738,Черковна,,2
SLS10-24,81150,Чернолик,,2
SLS10-25,81966,Черник,,2
SLS10-26,87504,Яребица,,2
SLS15-01,11990,Войново,,1878
SLS15-02,15566,Голеш,,1878
SLS15-03,20047,Давидово,,1878
SLS15-04,21720,Добруджанка,,1878
SLS15-05,30346,Зарник,,660
SLS15-07,57306,Полковник Чолаково,,1878
SLS15-09,65615,Светослав,,1878
SLS15-10,68357,Средище,,1462
SLS15-11,57889,Посев,,405
SLS31-01,00895,Айдемир,,2
SLS31-02,02097,Бабук,,2
SLS31-04,06032,Брадвари,,2
SLS31-08,34134,Йорданово,,2
SLS31-10,41143,Калипетрово,,2
SLS31-13,58699,Професор Иширково,,2
SLS31-14,67526,Смилец,,1349
SLS31-16,68299,Сребърна,,2
SLS32-01,05757,Босна,,1367
SLS32-02,14547,Гарван,,2
SLS32-03,21693,Добротица,,1367
SLS32-05,32839,Искра,,562
SLS32-06,44495,Любен,,562
SLS32-09,57577,Попина,,2
SLS34-02,03527,Белица,,2
SLS34-05,51956,Нова Черна,,2
SLS34-07,58253,Преславци,,2
SLS34-08,69078,Старо село,,2
SLS34-10,73729,Търновци,,2
SLS34-12,78238,Цар Самуил,,2
SLS34-13,83524,Шуменци,,2
SLV11-01,00045,Мокрен,,2
SLV11-04,17436,Градец,,2
SLV11-06,29283,Жеравна,,2
SLV11-08,36854,Кипилово,,1354
SLV11-09,46646,Малко село,,2
SLV11-14,58966,Пъдарево,,2
SLV11-16,67859,Соколарци,,2
SLV11-17,69821,Стрелци,,1354
SLV11-18,72480,Тича,,2
SLV11-20,76073,Филаретово,,2
SLV11-21,87031,Ябланово,,2
SLV11-22,54300,Остра могила,,406
SLV16-01,00713,Асеновец,,2
SLV16-02,02734,Баня,,2
SLV16-06,24760,Дядово,,2
SLV16-07,27111,Езеро,,2
SLV16-08,27245,Еленово,,2
SLV16-09,30171,Загорци,,2
SLV16-10,35907,Каменово,,2
SLV16-11,36395,Караново,,2
SLV16-12,38426,Коньово,,2
SLV16-13,38683,Кортен,,2
SLV16-14,44505,Любенец,,2
SLV16-15,44522,Любенова махала,,2
SLV16-16,48725,Млекарево,,2
SLV16-18,52146,Новоселец,,2
SLV16-19,53518,Омарчево,,1858
SLV16-20,56068,Пет могили,,2
SLV16-21,56527,Питово,,2
SLV16-25,61340,Радецки,,2
SLV16-27,69314,Стоил войвода,,2
SLV16-29,70487,Съдиево,,2
SLV16-33,04635,Богданово,,407
SLV16-34,70490,Съдийско поле,,407
SLV16-35,57371,Полско Пъдарево,,407
SLV20-03,04337,Блатец,,2
SLV20-06,07613,Бяла,,2
SLV20-08,14275,Гавраилово,,2
SLV20-09,14800,Гергевец,,2
SLV20-10,15206,Глуфишево,,2
SLV20-11,15237,Глушник,,660
SLV20-13,16688,Горно Александрово,,2
SLV20-14,17600,Градско,,2
SLV20-15,23337,Драгоданово,,2
SLV20-16,29194,Желю войвода,,2
SLV20-18,30990,Злати войвода,,2
SLV20-21,35537,Калояново,,2
SLV20-22,35660,Камен,,2
SLV20-23,36779,Кермен,,2
SLV20-24,37530,Ковачите,,2
SLV20-25,40083,Крушаре,,2
SLV20-27,47980,Мечкарево,,2
SLV20-28,48708,Младово,,2
SLV20-30,51929,Новачево,,2
SLV20-33,65303,Самуилово,,2
SLV20-34,66041,Селиминово,,2
SLV20-35,66812,Скобелево,,2
SLV20-36,68117,Сотиря,,2
SLV20-38,68864,Стара река,,2
SLV20-41,72816,Тополчане,,2
SLV20-42,73016,Трапоклово,,660
SLV20-43,81387,Чинтулово,,2
SLV20-44,81534,Чокоба,,2
SLV24-02,05551,Боров дол,,2
SLV24-03,07644,Бяла паланка,,2
SLV24-04,15944,Шивачево,,2
SLV24-05,29533,Жълт бряг,,660
SLV24-06,53847,Оризари,,2
SLV24-07,65499,Сборище,,2
SML02-01,00850,Гълъбово,,2
SML02-06,20033,Давидково,,2
SML02-08,30209,Загражден,,2
SML02-11,54002,Оряховец,,2
SML02-12,70158,Стърница,,2
SML02-13,11377,Вишнево,,408
SML05-05,87223,Ягодина,,2
SML05-06,06879,Буйново,,409
SML09-01,03112,Беден,,2
SML09-02,06269,Брезе,,2
SML09-03,17957,Грохотно,,2
SML09-04,18424,Гьоврен,,2
SML09-07,44848,Лясково,,2
SML09-10,54198,Осиково,,660
SML09-11,66130,Селча,,2
SML09-13,73105,Триград,,2
SML10-01,02779,Барутин,,2
SML10-02,06700,Бръщен,,2
SML10-03,31259,Змеица,,2
SML10-04,41006,Късак,,2
SML10-05,44642,Любча,,2
SML10-06,78567,Црънча,,2
SML10-07,80025,Чавдар,,660
SML11-01,00196,Аламовци,,1364
SML11-02,21871,Долен,,2
SML11-03,27588,Ерма река,,2
SML11-05,69105,Старцево,,2
SML16-07,12718,Върбина,,616
SML16-17,68451,Средногорци,,2
SML16-18,06937,Букова поляна,,424
SML16-20,05579,Боровина,,410
SML16-23,43387,Леска,,410
SML18-13,68309,Средец,,2
SML27-03,11870,Войкова лъка,,2
SML27-05,27365,Елховец,,2
SML27-06,56798,Пловдивци,,2
SML27-08,62637,Рибница,,559
SML27-09,80399,Чепинци,,2
SML27-10,68093,Сопотот,,559
SML31-01,00597,Арда,,2
SML31-08,11048,Виево,,2
SML31-15,40748,Кутела,,2
SML31-18,48814,Могилица,,2
SML31-19,49014,Момчиловци,,2
SML31-22,55991,Петково,,660
SML31-30,67547,Смилян,,2
SML31-38,73777,Търън,,2
SML31-41,83274,Широка лъка,,2
SML31-42,11572,Влахово,,660
SML38-02,30034,Забърдо,,2
SML38-07,55035,Павелско,,2
SML38-09,77219,Хвойна,,2
SOF46-31,07106,Бусманци,,2
SOF46-32,11394,Владая,,2
SOF46-33,49597,Мърчаево,,2
SOF46-34,46721,Мало Бучино,,2
SOF46-35,12084,Волуяк,,2
SOF46-36,02511,Балша,,2
SOF46-37,11884,Войнеговци,,2
SOF46-38,21662,Доброславци,,2
SOF46-39,29430,Житен,,2
SOF46-40,40436,Кубратово,,2
SOF46-41,41010,Кътина,,2
SOF46-42,44224,Локорско,,2
SOF46-43,48393,Мировяне,,2
SOF46-44,49206,Мрамор,,2
SOF46-45,51250,Негован,,2
SOF46-46,57011,Подгумер,,2
SOF46-47,65601,Световрачене,,2
SOF46-48,80409,Чепинци,,2
SOF46-49,07140,Бухово,,2
SOF46-50,16448,Горни Богров,,2
SOF46-51,22304,Долни Богров,,2
SOF46-52,29204,Желява,,2
SOF46-53,87401,Яна,,2
SOF46-54,04234,Бистрица,,2
SOF46-55,14831,Герман,,2
SOF46-56,22472,Долни Пасарел,,2
SOF46-57,29150,Железница,,2
SOF46-58,35239,Казичене,,2
SOF46-59,37914,Кокаляне,,2
SOF46-60,39791,Кривина,,2
SOF46-61,44063,Лозен,,2
SOF46-63,32216,Иваняне,,2
SZR04-05,17717,Гранит,,2
SZR04-11,48372,Мирово,,2
SZR04-14,53850,Оризово,,2
SZR04-15,55484,Партизанин,,2
SZR04-16,56811,Плодовитово,,2
SZR04-21,80793,Черна гора,,2
SZR07-03,14951,Главан,,2
SZR07-05,47603,Медникарово,,2
SZR07-07,49535,Мъдрец,,2
SZR07-08,53134,Обручище,,2
SZR12-01,06848,Бузовград,,2
SZR12-04,22633,Долно изворово,,2
SZR12-05,24075,Дунавци,,2
SZR12-06,27499,Енина,,2
SZR12-07,38563,Копринка,,2
SZR12-08,40292,Крън,,2
SZR12-09,40868,Кънчево,,2
SZR12-10,49076,Горно Черковище,,2
SZR12-11,53179,Овощник,,2
SZR12-12,62983,Розово,,2
SZR12-13,63570,Ръжена,,2
SZR12-15,77027,Хаджидимитрово,,2
SZR12-16,80532,Черганово,,2
SZR12-17,83106,Шейново,,2
SZR12-18,83199,Шипка,,2
SZR12-19,87641,Ясеново,,2
SZR22-02,10848,Ветрен,,2
SZR22-06,24342,Дъбово,,2
SZR22-08,30870,Зимница,,2
SZR22-16,73420,Тулово,,2
SZR22-18,86043,Юлиево,,2
SZR22-19,87212,Ягода,,2
SZR24-01,00309,Александрово,,2
SZR24-02,00697,Асен,,2
SZR24-04,14026,Габарево,,2
SZR24-05,16924,Горно Сахране,,2
SZR24-06,22808,Долно Сахране,,2
SZR24-07,47101,Манолово,,2
SZR24-08,54153,Осетеново,,2
SZR24-09,66826,Скобелево,,2
SZR24-11,73540,Тъжа,,2
SZR24-12,73688,Търничени,,2
SZR27-04,17960,Боздуганово,,2
SZR27-08,31293,Знаменосец,,2
SZR27-10,37507,Ковачево,,2
SZR27-11,38008,Коларово,,2
SZR27-13,44540,Любеново,,2
SZR27-15,57323,Полски Градец,,2
SZR27-18,70586,Сърнево,,2
SZR27-21,73225,Трояново,,2
SZR27-22,73314,Трънково,,2
SZR31-03,04738,Богомилово,,2
SZR31-06,06197,Братя Кунчеви,,2
SZR31-09,16701,Горно Ботево,,2
SZR31-10,24482,Дълбоки,,2
SZR31-11,27214,Еленино,,2
SZR31-13,30119,Загоре,,2
SZR31-14,31276,Змейово,,2
SZR31-16,35420,Калитиново,,2
SZR31-17,35515,Калояновец,,2
SZR31-18,36899,Кирилово,,2
SZR31-24,46098,Маджерито,,660
SZR31-28,48765,Могила,,2
SZR31-30,54016,Оряховица,,2
SZR31-36,58236,Преславен,,2
SZR31-39,61995,Ракитница,,2
SZR31-44,68730,Хан Аспарухово,,2
SZR31-49,77476,Хрищени,,2
SZR36-02,14920,Гита,,2
SZR36-05,30819,Зетьово,,2
SZR36-11,65810,Свобода,,2
SZR36-12,68182,Спасово,,2
SZR37-05,22767,Паничерево,,2
SZR37-09,38203,Конаре,,2
SZR38-01,27070,Едрево,,2
SZR38-02,48163,Елхово,,2
SZR38-03,51888,Нова махала,,2
TGV02-11,69146,Стеврек,,2
TGV02-13,73078,Трескавец,,2
TGV02-14,32473,Изворово,,413
TGV02-19,44598,Любичево,,413
TGV22-01,03647,Беломорци,,167
TGV22-04,10481,Величка,,2
TGV22-05,10687,Веренци,,2
TGV22-08,12156,Врани кон,,2
TGV22-10,16420,Горна Хубавка,,2
TGV22-17,30692,Зелена морава,,2
TGV22-19,31416,Звездица,,2
TGV22-20,32620,Илийно,,1857
TGV22-21,35643,Камбурово,,2
TGV22-23,37811,Козма презвитер,,2
TGV22-26,53062,Обител,,167
TGV22-27,55327,Панайот Хитово,,2
TGV22-30,56856,Плъстина,,2
TGV22-32,58972,Пъдарино,,2
TGV22-39,78450,Церовище,,2
TGV22-41,10392,Великденче,,414
TGV22-42,11212,Висок,,414
TGV22-43,15922,Голямо църквище,,414
TGV22-46,22280,Долна Хубавка,,414
TGV22-47,22664,Долно Козарево,,414
TGV22-50,36806,Кестеново,,414
TGV22-52,48790,Могилец,,414
TGV22-53,58774,Птичево,,414
TGV22-54,59029,Първан,,414
TGV22-55,63639,Рътлина,,414
TGV22-57,81147,Чернокапци,,414
TGV23-01,15833,Голямо градище,,2
TGV23-02,17172,Горско Абланово,,2
TGV23-03,18407,Гърчиново,,2
TGV23-04,39671,Крепча,,2
TGV23-05,44608,Люблен,,2
TGV24-01,00566,Априлово,,2
TGV24-05,11716,Водица,,2
TGV24-06,14307,Гагово,,2
TGV24-07,15103,Глогинка,,2
TGV24-11,23738,Дриново,,2
TGV24-12,27259,Еленово,,2
TGV24-14,30332,Зараево,,2
TGV24-17,36470,Кардам,,2
TGV24-18,37469,Ковачевец,,2
TGV24-19,37748,Козица,,660
TGV24-21,44286,Ломци,,2
TGV24-24,47634,Медовина,,2
TGV24-26,55213,Паламарца,,2
TGV24-29,65067,Садина,,2
TGV24-30,65557,Светлен,,2
TGV24-31,67091,Славяново,,2
TGV35-03,03037,Баячево,,2
TGV35-05,05030,Божурка,,2
TGV35-07,07154,Буховци,,2
TGV35-08,10121,Вардун,,2
TGV35-10,15919,Голямо Соколово,,2
TGV35-12,20050,Давидово,,2
TGV35-13,23087,Драгановец,,2
TGV35-14,24520,Дългач,,2
TGV35-15,30644,Здравец,,2
TGV35-17,39390,Кралево,,2
TGV35-18,43685,Лиляк,,2
TGV35-19,43935,Ловец,,2
TGV35-20,46190,Макариополско,,2
TGV35-22,51024,Надарево,,2
TGV35-23,53223,Овчарово,,2
TGV35-25,54345,Острец,,2
TGV35-28,57008,Подгорица,,2
TGV35-29,58195,Преселец,,2
TGV35-31,58493,Пробуда,,2
TGV35-33,61676,Разбойна,,2
TGV35-35,63241,Руец,,2
TGV35-36,69599,Стража,,2
TGV35-37,70545,Съединение,,2
TGV35-38,73701,Търновца,,2
TGV35-40,80741,Черковна,,2
TGV35-41,06882,Буйново,,131
TGV35-42,15895,Голямо ново,,131
TGV35-43,23546,Дралфа,,131
TGV35-49,58298,Пресяк,,131
TGV35-50,63077,Росина,,131
VAR01-01,03811,Бенковски,,660
VAR01-02,04426,Близнаци,,2
VAR01-04,24400,Дъбравино,,2
VAR01-09,58445,Приселци,,2
VAR01-12,66490,Синдел,,2
VAR01-13,70220,Царевци,,2
VAR01-14,73393,Тръстиково,,2
VAR02-03,12406,Въглен,,2
VAR02-04,14653,Генерал Кантарджиево,,660
VAR02-09,32278,Игнатиево,,2
VAR02-10,32490,Изворско,,2
VAR02-11,37099,Кичево,,2
VAR02-15,44519,Любен Каравелово,,2
VAR02-21,67489,Слънчево,,2
VAR04-01,27125,Езерово,,2
VAR04-03,61741,Разделна,,2
VAR04-04,69763,Страшимирово,,2
VAR05-04,57635,Попович,,660
VAR06-07,30497,Звездица,,2
VAR06-08,35211,Казашко,,660
VAR06-09,35701,Каменар,,2
VAR06-10,72709,Тополи,,2
VAR06-11,38354,Константиново,,162
VAR08-01,03602,Белоградец,,2
VAR08-03,21645,Доброплодно,,2
VAR08-06,51233,Невша,,2
VAR08-07,51487,Неофит Рилски,,2
VAR09-02,06416,Брестак,,2
VAR09-04,14667,Генерал Киселово,,2
VAR09-06,21717,Добротич,,1031
VAR09-07,27629,Есеница,,1033
VAR09-12,36302,Караманите,,2
VAR09-15,48524,Михалич,,2
VAR09-16,53093,Оборище,,1039
VAR09-17,61265,Радан войвода,,1036
VAR09-18,69170,Стефан Караджа,,2
VAR09-20,80529,Червенци,,2
VAR13-03,10611,Венелин,,2
VAR13-04,15597,Голица,,2
VAR13-05,16050,Горен чифлик,,2
VAR13-06,17912,Гроздьово,,2
VAR13-07,20701,Детелина,,2
VAR13-11,58921,Пчелник,,2
VAR13-12,63197,Рудник,,2
VAR13-14,68998,Старо Оряхово,,2
VAR13-15,83404,Шкорпиловци,,2
VAR14-01,36868,Кипра,,2
VAR16-02,00789,Аспарухово,,2
VAR16-04,10495,Величково,,2
VAR16-08,44294,Лопушна,,2
VAR16-09,47620,Медовец,,2
VAR16-10,55470,Партизани,,2
VAR16-11,57457,Поляците,,2
VAR16-12,63135,Рояк,,660
VAR16-15,78519,Цонево,,2
VAR24-01,04457,Блъсково,,2
VAR24-02,05102,Бозвелийско,,2
VAR24-05,17508,Градинарово,,2
VAR24-07,29458,Житница,,2
VAR24-10,38114,Комарево,,2
VAR24-12,46975,Манастир,,2
VAR24-17,66963,Славейково,,2
VAR24-18,67739,Снежина,,2
VAR24-21,77387,Храброво,,660
VAR26-05,51584,Николаевка,,2
VAR26-06,80861,Чернево,,2
VID03-04,61039,Раброво,,2
VID06-01,02395,Балей,,2
VID06-03,18304,Гъмзово,,2
VID06-05,38772,Косово,,2
VID06-06,40441,Куделин,,660
VID06-07,63700,Ракитница,,2
VID09-02,00919,Антимово,,2
VID09-03,03280,Бела Рада,,2
VID09-05,06954,Буковец,,2
VID09-10,15998,Гомотарци,,2
VID09-11,17422,Градец,,2
VID09-15,24061,Дунавци,,2
VID09-18,32754,Иново,,2
VID09-19,36141,Капитановци,,2
VID09-20,39147,Кошава,,2
VID09-21,41263,Кутово,,2
VID09-25,57131,Покрайна,,2
VID09-29,67180,Слана бара,,2
VID09-30,67194,Сланотрън,,2
VID09-31,52283,Новоселци,,516
VID16-01,00672,Арчар,,2
VID16-06,14489,Орешец,,2
VID22-05,69002,Старопатица,,2
VID25-04,62044,Раковица,,2
VID30-01,11079,Винарово,,2
VID30-02,51264,Неговановци,,2
VID33-04,23672,Дреновец,,2
VID33-06,03678,Бело поле,,2
VID37-02,16571,Горни Лом,,2
VRC05-01,21600,Добролево,,2
VRC05-02,46810,Малорад,,2
VRC05-03,51559,Нивянин,,2
VRC08-01,00401,Алтимир,,2
VRC08-03,07418,Бърдарски геран,,2
VRC08-04,07538,Бъркачево,,2
VRC08-05,12214,Враняк,,2
VRC08-07,14012,Габаре,,2
VRC08-08,14406,Галиче,,2
VRC08-11,57594,Попица,,2
VRC08-12,67845,Соколаре,,2
VRC08-13,72521,Тлачене,,2
VRC08-14,73643,Търнава,,2
VRC08-15,73660,Търнак,,2
VRC10-01,02590,Баница,,2
VRC10-02,03438,Бели извор,,2
VRC10-05,11555,Власатица,,2
VRC10-06,15521,Голямо Пещене,,2
VRC10-07,16897,Горно Пещене,,2
VRC10-08,20376,Девене,,2
VRC10-09,30606,Згориград,,2
VRC10-10,38875,Костелево,,2
VRC10-11,43712,Лиляче,,2
VRC10-14,49223,Мраморен,,2
VRC10-15,51528,Нефела,,2
VRC10-17,55070,Паволче,,2
VRC10-18,72504,Тишевица,,2
VRC10-19,73119,Три кладенци,,2
VRC10-20,80311,Челопек,,2
VRC10-21,81400,Чирен,,2
VRC10-22,12749,Върбица,,129
VRC20-01,07116,Бутан,,2
VRC20-02,18505,Гложене,,2
VRC20-03,39730,Крива бара,,2
VRC20-04,77548,Хърлец,,2
VRC21-01,02912,Баурене,,2
VRC21-03,14390,Галатин,,2
VRC21-06,17453,Градешница,,2
VRC21-08,39236,Краводер,,2
VRC21-09,43462,Лесура,,2
VRC21-11,58788,Пудрия,,2
VRC21-12,61933,Ракево,,2
VRC27-01,04827,Боденец,,2
VRC27-02,06598,Брусен,,2
VRC27-05,16256,Горна Кремена,,2
VRC27-06,22126,Долна Кремена,,2
VRC27-08,27317,Елисейна,,2
VRC27-09,30510,Зверино,,2
VRC27-11,32281,Игнатица,,2
VRC27-15,43654,Лик,,2
VRC27-18,49031,Моравица,,2
VRC27-19,54047,Оселна,,2
VRC27-25,72432,Типченица,,2
VRC28-02,40200,Крушовица,,2
VRC28-03,43774,Липница,,2
VRC28-05,68148,Софрониево,,2
VRC31-02,16451,Горни Вадин,,2
VRC31-04,43400,Лесковец,,2
VRC31-05,54386,Остров,,2
VRC31-06,70723,Селановци,,2
VRC32-02,35910,Камено поле,,2
VRC32-03,40645,Кунино,,2
VRC32-05,61488,Радовене,,2
VRC32-06,66576,Синьо бърдо,,2
VRC35-03,47010,Манастирище,,2
VRC35-04,48492,Михайлово,,2
VRC35-05,62815,Рогозен,,2
VTR04-02,02364,Балван,,2
VTR04-03,03798,Беляковец,,2
VTR04-07,11795,Водолей,,2
VTR04-13,20242,Дебелец,,2
VTR04-17,36837,Килифарево,,2
VTR04-18,43253,Леденик,,2
VTR04-23,52177,Ново село,,2
VTR04-25,58459,Присово,,2
VTR04-27,58918,Пчелище,,2
VTR04-29,62517,Ресен,,2
VTR04-31,65200,Самоводене,,2
VTR04-33,78428,Церова кория,,2
VTR04-35,83586,Шемшево,,2
VTR06-01,12735,Върбица,,2
VTR06-04,22232,Долна Оряховица,,2
VTR06-05,23100,Драганово,,2
VTR06-06,40172,Крушето,,2
VTR06-07,56472,Писарево,,2
VTR06-08,57217,Поликраище,,2
VTR06-09,57981,Правда,,2
VTR06-10,59094,Първомайци,,2
VTR06-12,87453,Янтра,,2
VTR13-01,03054,Беброво,,2
VTR13-09,38337,Константин,,2
VTR13-11,46125,Майско,,2
VTR14-01,17213,Горско ново село,,2
VTR14-07,62877,Родина,,2
VTR20-01,20835,Джулюница,,2
VTR20-02,21453,Добри дял,,2
VTR20-03,23217,Драгижево,,2
VTR20-04,37664,Козаревец,,2
VTR20-05,47826,Мерданя,,2
VTR22-01,02823,Батак,,2
VTR22-02,07123,Бутово,,2
VTR22-03,07716,Бяла черква,,2
VTR22-05,12783,Върбовка,,2
VTR22-06,16290,Горна Липница,,2
VTR22-07,21138,Димча,,2
VTR22-08,24685,Дъскот,,2
VTR22-09,36289,Караисен,,2
VTR22-10,43356,Лесичери,,2
VTR22-11,48550,Михалци,,2
VTR22-13,51295,Недан,,2
VTR22-15,55573,Патреш,,2
VTR22-17,67475,Сломер,,2
VTR22-18,68708,Стамболово,,2
VTR22-19,22160,Долна Липница,,154
VTR26-04,32175,Иванча,,2
VTR26-06,40782,Куцина,,2
VTR26-07,41246,Климентово,,2
VTR26-08,47439,Масларево,,2
VTR26-09,53014,Обединение,,2
VTR26-10,53905,Орловец,,2
VTR26-11,55018,Павел,,2
VTR26-12,57340,Полски Сеновец,,2
VTR26-13,61279,Раданово,,2
VTR26-14,65471,Петко Каравелово,,2
VTR26-15,69732,Страхилово,,2
VTR28-01,00237,Алеково,,2
VTR28-03,07363,Българско Сливово,,2
VTR28-04,10118,Вардим,,2
VTR28-05,16393,Горна Студена,,2
VTR28-07,23431,Драгомирово,,2
VTR28-08,37784,Козловец,,2
VTR28-09,49028,Морава,,2
VTR28-10,53196,Овча могила,,2
VTR28-11,53672,Ореш,,2
VTR28-13,77013,Хаджидимитрово,,2
VTR28-14,78121,Царевец,,2
VTR31-01,00730,Асеново,,2
VTR31-03,04282,Благоево,,660
VTR31-04,06731,Бряговица,,2
VTR31-05,11140,Виноград,,2
VTR31-09,35657,Камен,,2
VTR31-10,36782,Кесарево,,2
VTR31-11,44046,Лозен,,2
VTR31-17,70408,Сушица,,2
VTR31-19,80203,Царски извор,,2
